id;apo_ik;liefer_dat;a_periode;arb_platz;avs_id;bediener;zuzahlung;ges_brutto
1;Cambridgeshire;Representative;Azerbaijan Car;Soap Kentucky task-force;Garden Gorgeous;Sports disintermediate Legacy;Steel generating;Accounts Grass-roots demand-driven
2;Junctions;Congolese;implement compressing;sky Customer;Borders back-end Tuna;New hack;Product Sports Soft;Kwanza deposit maroon
3;Producer Union Response;e-tailers;benchmark methodologies redundant;workforce Gloves Games;Cambridgeshire Jewelery Jewelery;payment;Kwacha;TCP Car
4;Electronics Plaza tan;Implemented Congo Creative;bandwidth;Chicken;Savings virtual;architectures;Fundamental bus Liaison;Applications Sports transmitting
5;copy;24/365;extensible 1080p;action-items optical Locks;Bacon Ukraine Madagascar;driver;Granite Automotive;Dinar quantify primary
6;Borders;Small;calculating;front-end bypass demand-driven;virtual;quantify;Pizza Berkshire Fresh;teal emulation Route
7;Granite Metrics lime;RAM;infrastructures;Computers plug-and-play;sticky system;loyalty;compelling;Dollar plum
8;payment Salad Granite;Paradigm multi-byte;Utah;Lead;Shirt Chair;Music;empowering Synchronised Korea;Shore Extended Sharable
9;payment transmitter;composite;SCSI networks;PNG Hong technologies;Granite end-to-end;Computer Balanced;eco-centric Lari;Chair
10;optical Lodge;navigating Factors Kids;reciprocal Qatar;Bouvet;Nepal Flat;open-source architectures Ohio;Soft Supervisor ADP;Lead
