id;p_rezept_id;betrag_rab_a;betrag_rab_h;betrag_apo_ausz
1;1080p;matrix;reintermediate District;Ergonomic Marketing
2;engage input;digital;GB customer Solutions;Passage Arkansas
3;South Steel;generating AGP redundant;yellow hacking transmit;impactful up De-engineered
4;Balboa bus website;Assurance;pixel;firewall
5;Avon analyzing;calculate Cambridgeshire;Parkway;Phased PCI
6;Response compress Liaison;Chief Cheese;Games concept;synthesizing AGP
7;parsing;User-centric;Savings Program;Chips deposit azure
8;Ameliorated Response;Nevada interface Federation;olive transmit Games;Mongolia
9;users throughput portals;Executive;Practical Federation;Pizza
10;Object-based neural;Stream;harness Branding Electronics;SMS IB
