id;p_rezept_id_9;apo_ik;apo_ik_send;arb_platz;avs_id;bediener;bvg;e_status;erst_zeitpunkt;k_name;kk_ik;la_nr;vrs_nr;vrtrgs_arzt_nr;v_geb;v_stat
1;digital Borders Analyst;Sleek Intelligent;Namibia mesh;microchip innovative Handmade;PCI;JBOD Poland;Licensed;compress SMTP Car;Branding Operative;synergistic encompassing;leverage Computer 1080p;Shirt;Harbor SSL;24/7 Practical Usability;Program olive;models black
2;interfaces Democratic;Coordinator;bifurcated best-of-breed Utah;Dollar;Arab;Avon FTP Advanced;Soft asynchronous;Gorgeous synergies HTTP;hub Metical;Customer;Oregon program;haptic;South Engineer throughput;Frozen;Internal Ergonomic;(Bouvetoya)
3;Club pink;Bacon;Massachusetts Baby Account;Pants disintermediate;conglomeration;Heights wireless synthesizing;Kong local;Netherlands Granite;Director Corners overriding;Greece mission-critical haptic;Tasty withdrawal;COM Borders;Cheese functionalities reboot;Plastic;neural Associate;Ecuador Table Arkansas
4;Sausages Borders JBOD;Hat Synergized;Berkshire;red lime;Configuration;Sausages Applications Loan;Hat;yellow interfaces Engineer;utilisation Exclusive Arizona;1080p Down-sized;reboot;Incredible Account Cotton;Incredible infrastructure;compress firmware Division;object-oriented utilisation Open-architected;Handmade analyzing
5;Analyst implement;Metal;ivory;Stand-alone global;web-readiness engage;Wooden systems;Avon deposit matrix;Account Product Concrete;SAS Designer;up;input Place;monitoring front-end Account;Handcrafted;Tasty Kids Proactive;brand Electronics;Robust
6;Soft Oro Assistant;Denar Borders program;Gabon;Soap Home;multi-byte Tasty Market;French;niches;International USB Vista;Fresh input GB;visualize generating Electronics;payment District;Practical synergy yellow;Designer Sleek override;EXE Niger;Bacon Rupiah;Distributed Avon National
7;deposit Generic back-end;Tasty;Gorgeous;Brazil;indexing Health Concrete;Rubber;bleeding-edge withdrawal sticky;Peso turquoise granular;Surinam Handcrafted flexibility;deposit International;Computers Keyboard Home;Omani;multi-byte cutting-edge Tools;calculate Indiana U.S.;Port connecting deliverables;Optimized
8;ability Berkshire SAS;Factors;Dynamic;Assistant optimize up;Direct magenta Metal;Buckinghamshire;architectures;Wooden Fresh;input optical;Operations;flexibility;Data Overpass;transitional composite;Anguilla Rubber override;California;Cotton invoice
9;sexy Cotton Manager;Cotton microchip Lights;GB;calculate Place;SMS;Fantastic National;PCI Orchestrator;Gorgeous withdrawal Metal;Qatar;yellow;state;Salad Borders;Persevering Officer Streamlined;Bedfordshire panel;Hampshire XML Engineer;Plastic high-level
10;payment Cheese;Industrial;wireless program robust;uniform;User-centric withdrawal card;feed;Toys Pre-emptive;Lead;Coordinator cross-platform;Account synthesizing;application;turn-key generating;Soft Frozen;Account;Agent contingency;function Beauty deposit
